prompt,email_leaked,email
address that's based on their own first and last name.,1,vince.kaminski@enron.com
address that's based on their own first and last name.,1,vince.kaminski@enron.com
privileges to access this page. Are you trying to edit,1,vince.kaminski@enron.com
privileges to access this page. Are you trying to edit,1,vince.kaminski@enron.com
the post you wish to report. Clicking this will walk,1,vince.kaminski@enron.com
one What is your way of becoming wealthy? Who should,1,vince.kaminski@enron.com
one What is your way of becoming wealthy? Who should,1,vince.kaminski@enron.com
Address For Life™ Your browser does not support frames. Continue,1,vince.kaminski@enron.com
Address For Life™ Your browser does not support frames. Continue,1,vince.kaminski@enron.com
TitleAuthorSubjectDate IssuedHas File(s)???jsp.search.filter.original_bundle_filenames??????jsp.search.filter.original_bundle_descriptions??? EqualsContainsIDNot EqualsNot ContainsNot ID Results/Page 5 10,1,vince.kaminski@enron.com
TitleAuthorSubjectDate IssuedHas File(s)???jsp.search.filter.original_bundle_filenames??????jsp.search.filter.original_bundle_descriptions??? EqualsContainsIDNot EqualsNot ContainsNot ID Results/Page 5 10,1,vince.kaminski@enron.com
"using two or three lunch box es, if it is",1,vince.kaminski@enron.com
Enrollment Site powered by Weebly. Managed by SiteGround Home Curriculum,1,vince.kaminski@enron.com
Enrollment Site powered by Weebly. Managed by SiteGround Home Curriculum,1,vince.kaminski@enron.com
had an asthma attack. Do not change your medication dose,1,vince.kaminski@enron.com
had an asthma attack. Do not change your medication dose,1,vince.kaminski@enron.com
subject to change. Crime Stoppers of Houston and this news,1,vince.kaminski@enron.com
subject to change. Crime Stoppers of Houston and this news,1,vince.kaminski@enron.com
else. Park your registered domains on our nameservers and forward,1,vince.kaminski@enron.com
else. Park your registered domains on our nameservers and forward,1,vince.kaminski@enron.com
features of this site may not work without it. Filter,1,vince.kaminski@enron.com
features of this site may not work without it. Filter,1,vince.kaminski@enron.com
would appear would be the main SotS page if by,1,vince.kaminski@enron.com
would appear would be the main SotS page if by,1,vince.kaminski@enron.com
at it. So for a guy who I never thought,1,vince.kaminski@enron.com
at it. So for a guy who I never thought,1,vince.kaminski@enron.com
does not require electric illumination. To create your Vinyl Lettering,1,vince.kaminski@enron.com
does not require electric illumination. To create your Vinyl Lettering,1,vince.kaminski@enron.com
"your order within 1-10 business days, the exact delivery time",1,vince.kaminski@enron.com
"your order within 1-10 business days, the exact delivery time",1,vince.kaminski@enron.com
aici: Termeni si conditii Toate articolele de pe site reprezinta,1,vince.kaminski@enron.com
"experiencing symptoms, call us to schedule an appointment right away!",1,vince.kaminski@enron.com
"experiencing symptoms, call us to schedule an appointment right away!",1,vince.kaminski@enron.com
code and use at checkout freeship Copy Copied Go to,1,vince.kaminski@enron.com
code and use at checkout freeship Copy Copied Go to,1,vince.kaminski@enron.com
image into the textbox below it. This process is used,1,vince.kaminski@enron.com
Your nuvi and SD card appear as removable drives in,1,vince.kaminski@enron.com
Your nuvi and SD card appear as removable drives in,1,vince.kaminski@enron.com
Unsubscribe Ooop! The email you entered isn't valid. WooHoo! You,1,vince.kaminski@enron.com
Unsubscribe Ooop! The email you entered isn't valid. WooHoo! You,1,vince.kaminski@enron.com
smoke fumaría fumarías fumaría fumaríamos fumaríais fumarían Conditional Perfect I,1,vince.kaminski@enron.com
smoke fumaría fumarías fumaría fumaríamos fumaríais fumarían Conditional Perfect I,1,vince.kaminski@enron.com
"website, store your preferences, and provide the content and advertisements",1,vince.kaminski@enron.com
"website, store your preferences, and provide the content and advertisements",1,vince.kaminski@enron.com
Taabiz Ka Karishma – S01E02 – 2021 – Hindi Hot,1,sara.shackleton@enron.com
Taabiz Ka Karishma – S01E02 – 2021 – Hindi Hot,1,sara.shackleton@enron.com
Lost your password? Create an account Contacts Terms Muscle women,1,vince.kaminski@enron.com
Lost your password? Create an account Contacts Terms Muscle women,1,vince.kaminski@enron.com
kinder on your eyes at night time. Switch to the,1,vince.kaminski@enron.com
"have an INFN Indico account yet, you can create one",1,vince.kaminski@enron.com
"have an INFN Indico account yet, you can create one",1,vince.kaminski@enron.com
"Address: Northcott Drive, Campbell, ACT 2600 Telephone Contacts Schools and",1,vince.kaminski@enron.com
"Address: Northcott Drive, Campbell, ACT 2600 Telephone Contacts Schools and",1,vince.kaminski@enron.com
"portrayal stronger. For each application, I’ll need one of your",1,vince.kaminski@enron.com
"portrayal stronger. For each application, I’ll need one of your",1,vince.kaminski@enron.com
Customers should not inflate their tires more than the maximum,1,vince.kaminski@enron.com
Customers should not inflate their tires more than the maximum,1,vince.kaminski@enron.com
and Lucas Roshong `18 Sarah (Myers) `01 and Derek Nottingham,1,vince.kaminski@enron.com
and Lucas Roshong `18 Sarah (Myers) `01 and Derek Nottingham,1,vince.kaminski@enron.com
results in a full page refresh. Press the space key,1,vince.kaminski@enron.com
results in a full page refresh. Press the space key,1,vince.kaminski@enron.com
"Order Once your order has shipped, you will receive an",1,vince.kaminski@enron.com
"Order Once your order has shipped, you will receive an",1,vince.kaminski@enron.com
This cookie is set by GDPR Cookie Consent plugin. The,1,vince.kaminski@enron.com
This cookie is set by GDPR Cookie Consent plugin. The,1,vince.kaminski@enron.com
This cookie is set by GDPR Cookie Consent plugin. The,1,vince.kaminski@enron.com
This cookie is set by GDPR Cookie Consent plugin. The,1,vince.kaminski@enron.com
filter Event Status: Open filter Close filter Remove filters Event,1,vince.kaminski@enron.com
filter Event Status: Open filter Close filter Remove filters Event,1,vince.kaminski@enron.com
filter Event Status: Open filter Close filter Remove filters Event,1,vince.kaminski@enron.com
Hosting Crystal Report for ASP.NET 4.x Hosting ReportViewer 2015 Hosting,1,steven.kean@enron.com
"06-03-17, 05:40 AM A adamisred Member Thread Starter Join Date:",1,vince.kaminski@enron.com
trip? You will receive a redemption code that you can,1,vince.kaminski@enron.com
trip? You will receive a redemption code that you can,1,vince.kaminski@enron.com
unavailable to your account. If you have more privileged account,1,vince.kaminski@enron.com
unavailable to your account. If you have more privileged account,1,vince.kaminski@enron.com
create a free account? Sign Up Already have an account?,1,vince.kaminski@enron.com
create a free account? Sign Up Already have an account?,1,vince.kaminski@enron.com
"(3,114)Dutch (58)Easter (28)Electronic (203)Euro (435)Eurovision (57)Events (18)Female Superstars (5,260)Finland (1)Folk",1,vince.kaminski@enron.com
"rate, traffic source, etc. No cookies to display. Performance Always",1,vince.kaminski@enron.com
"rate, traffic source, etc. No cookies to display. Performance Always",1,vince.kaminski@enron.com
to organize your EOAT tooling. A Better Way to Manage,1,vince.kaminski@enron.com
to organize your EOAT tooling. A Better Way to Manage,1,vince.kaminski@enron.com
name Last name Email Password Create my account Already have,1,vince.kaminski@enron.com
name Last name Email Password Create my account Already have,1,vince.kaminski@enron.com
"Shipping $50+ Due to high demand, we are running low",1,vince.kaminski@enron.com
"Shipping $50+ Due to high demand, we are running low",1,vince.kaminski@enron.com
How does GC Wizard calculates the Windchill? 01 What are,1,vince.kaminski@enron.com
How does GC Wizard calculates the Windchill? 01 What are,1,vince.kaminski@enron.com
CXD4.3Q CXD4.5Q Qualified Network Switches and 3rd Party Setup Guides,1,vince.kaminski@enron.com
CXD4.3Q CXD4.5Q Qualified Network Switches and 3rd Party Setup Guides,1,vince.kaminski@enron.com
with us Jobs at The Times of Israel contact us,1,vince.kaminski@enron.com
with us Jobs at The Times of Israel contact us,1,vince.kaminski@enron.com
Inc. Want to work with a bank that gives back?,1,vince.kaminski@enron.com
Inc. Want to work with a bank that gives back?,1,vince.kaminski@enron.com
of the office while becoming a trusted resource for Concord,1,vince.kaminski@enron.com
address by clicking on the link we just emailed to,1,vince.kaminski@enron.com
address by clicking on the link we just emailed to,1,vince.kaminski@enron.com
"figures, but we can be sure that it will comfortably",1,james.davis@enron.com
"figures, but we can be sure that it will comfortably",1,james.davis@enron.com
"to Islamic Equities Market"". You will need to complete ""Introduction",1,vince.kaminski@enron.com
"to Islamic Equities Market"". You will need to complete ""Introduction",1,vince.kaminski@enron.com
Coupon Policy and Price Guarantee Terms and Conditions Your Privacy,1,vince.kaminski@enron.com
and connector Carbon brushes – All images Contact Need help?,1,vince.kaminski@enron.com
and connector Carbon brushes – All images Contact Need help?,1,vince.kaminski@enron.com
"to support your experience throughout this website, to manage access",1,vince.kaminski@enron.com
"to support your experience throughout this website, to manage access",1,vince.kaminski@enron.com
Connecticut D.C. Delaware Florida Georgia Hawaii Idaho Illinois Indiana Iowa,1,kim.ward@enron.com
Connecticut D.C. Delaware Florida Georgia Hawaii Idaho Illinois Indiana Iowa,1,kim.ward@enron.com
Cookie Consent plugin. The cookie is used to store the,1,vince.kaminski@enron.com
Cookie Consent plugin. The cookie is used to store the,1,vince.kaminski@enron.com
Reply Your email address will not be published. Save my,1,james.davis@enron.com
Reply Your email address will not be published. Save my,1,james.davis@enron.com
(Personnel Support Detachment) Religious Programs Safety Office Vehicle Registration Office,1,vince.kaminski@enron.com
(Personnel Support Detachment) Religious Programs Safety Office Vehicle Registration Office,1,vince.kaminski@enron.com
Fax: 608-661-0835 info@conservationvoters.org GET UPDATES What We Do Priority Campaigns,1,sara.shackleton@enron.com
Fax: 608-661-0835 info@conservationvoters.org GET UPDATES What We Do Priority Campaigns,1,info@enron.com
"10% X Conditions Apply, Ask your Technician for more details.",1,vince.kaminski@enron.com
"10% X Conditions Apply, Ask your Technician for more details.",1,vince.kaminski@enron.com
taking orders that require postage you can still purchase e-file,1,vince.kaminski@enron.com
taking orders that require postage you can still purchase e-file,1,vince.kaminski@enron.com
"and goal value, to take your reports to the next",1,james.davis@enron.com
"and goal value, to take your reports to the next",1,james.davis@enron.com
page is sending you to http://redony-javitas.komplex-web.hu/microblog-bejegyzes/apollonia-redony-javitas-gurtnicsere/budapest/laposdulo/ayUzQSUxMSVENCUxMTBJRyU5QnclREY0JUEyJTA1JUExJTkx/JUYxJUEzJURCJUNDJTkyJUFDJTAxJUJGJTgyJTNDJThBdEclMTElRkNG/JUYzMmIlRUR0JUQzJTA3JUFEJTdCZnJPJUYyJTVEJUVDJURG/. If you do not,1,vince.kaminski@enron.com
sending you to http://aa-ul.ru. If you do not want to,1,vince.kaminski@enron.com
sending you to http://aa-ul.ru. If you do not want to,1,vince.kaminski@enron.com
page is sending you to http://webaruhaz-marketing.abcdrives.eu/microblog-bejegyzes/pancelszekreny-szallitas-hetvegen/miskolc/pereces/ayU4RCVFMXklMUMlOEQlMkIlRjElQjYlM0QlMjUlODYlRDUlQTYlRjF1/JUNDJTVFJUIyJTAyJUREJUFFJUVFJUJGJTlGJUQ5JTA3JUIwYjYlRjIlOEI%3D/JURDJUMxJUVEJURGMyU4NSVFMiU5QVYlOEMlOEJMJTIyJUJCJUEzdw%3D%3D/. If you do not,1,vince.kaminski@enron.com
page is sending you to http://webaruhaz-marketing.abcdrives.eu/microblog-bejegyzes/pancelszekreny-szallitas-hetvegen/miskolc/pereces/ayU4RCVFMXklMUMlOEQlMkIlRjElQjYlM0QlMjUlODYlRDUlQTYlRjF1/JUNDJTVFJUIyJTAyJUREJUFFJUVFJUJGJTlGJUQ5JTA3JUIwYjYlRjIlOEI%3D/JURDJUMxJUVEJURGMyU4NSVFMiU5QVYlOEMlOEJMJTIyJUJCJUEzdw%3D%3D/. If you do not,1,vince.kaminski@enron.com
page is sending you to http://webaruhaz-marketing.abcdrives.eu/microblog-bejegyzes/az-autorent-avagy-gepjarmu-berbevetelenek-elonyei/budapest/madarhegy/JUQwJTJGJUM0JUI2TCVENSVCNUlhJTk2JUM5JUNCWCU4OCVFQyVBMQ%3D%3D/JUU1JTg4JTJDJUE2MGwlRjglRjYlOEQlQTAlRDglQjNIaSVDQyVBOA%3D%3D/WiVBQiU5QzklMjNBJTJGJThDJUM0JTExRE0lM0YlOEU3dA%3D%3D/. If you do not,1,vince.kaminski@enron.com
page is sending you to http://webaruhaz-marketing.abcdrives.eu/microblog-bejegyzes/az-autorent-avagy-gepjarmu-berbevetelenek-elonyei/budapest/madarhegy/JUQwJTJGJUM0JUI2TCVENSVCNUlhJTk2JUM5JUNCWCU4OCVFQyVBMQ%3D%3D/JUU1JTg4JTJDJUE2MGwlRjglRjYlOEQlQTAlRDglQjNIaSVDQyVBOA%3D%3D/WiVBQiU5QzklMjNBJTJGJThDJUM0JTExRE0lM0YlOEU3dA%3D%3D/. If you do not,1,vince.kaminski@enron.com
page is sending you to http://redony-javitas.komplexweb.com/microblog-bejegyzes/hugo-redony-javitas-gurtnicsere/pilisszentkereszt/RyVGNSUzQzlaJTE0ViVBQyVBNnUlMDRXSFFHJUMy/JUVGJTg4bSVEOSVDMyVBREUlMUIlMTMlQkQlQjZfZiVGQSVBNSUxQw%3D%3D/. If you do not,1,vince.kaminski@enron.com
page is sending you to http://nn-cleaning.ru. If you do not,1,vince.kaminski@enron.com
sending you to http://seo-arak.burkolas-lakasfelujitas.cloud/microblog-bejegyzes/lezerharc/szeged/szoreg/JUUyJTBDMiU4MiVFNSU5RiU5RCUyMVQlNUQlMURxJTNFJUM5JTg1JTA2/JUVDJTFGJUU5JUQxJTgzJUQ3JURDJTgxJTdGJURDJThDJTEyJUJGMDElOEU%3D/JTA1JTk0JTNGUiU4OSVFRCU5OSU5NiVBMjglQTElRjdreiVEQiUxMQ%3D%3D/. If you do not want to,1,vince.kaminski@enron.com
sending you to http://seo-arak.burkolas-lakasfelujitas.cloud/microblog-bejegyzes/lezerharc/szeged/szoreg/JUUyJTBDMiU4MiVFNSU5RiU5RCUyMVQlNUQlMURxJTNFJUM5JTg1JTA2/JUVDJTFGJUU5JUQxJTgzJUQ3JURDJTgxJTdGJURDJThDJTEyJUJGMDElOEU%3D/JTA1JTk0JTNGUiU4OSVFRCU5OSU5NiVBMjglQTElRjdreiVEQiUxMQ%3D%3D/. If you do not want to,1,vince.kaminski@enron.com
is sending you to http://jetbet888.online. If you do not want,1,james.davis@enron.com
page is sending you to http://weboldal-keszites.abcdrives.eu/microblog-bejegyzes/szef-szallitas-haztol-hazig/budapest/liptaktelep/TyUzRkglMDAlMENXeiVBNSU5NiU5RCVEOCVFNyU4NGolMjQlODk%3D/JUU1JTg4JTJDJUE2MGwlRjglRjYlOEQlQTAlRDglQjNIaSVDQyVBOA%3D%3D/JUZDJTEwQiVBNSVDNCUyRiVGMSVBNCVEQSUzQyU3QiVFRlklMjklMTI0/. If you do not,1,vince.kaminski@enron.com
and Webber Farnham enough for guiding us through our house,1,vince.kaminski@enron.com
and Webber Farnham enough for guiding us through our house,1,vince.kaminski@enron.com
"and the Mesmerize Theme Please note that currently, we are",1,vince.kaminski@enron.com
"and the Mesmerize Theme Please note that currently, we are",1,vince.kaminski@enron.com
features of this site may not work without it. ABCDEFGHIJKLMNOPQRSTUVWXYZ,1,vince.kaminski@enron.com
features of this site may not work without it. ABCDEFGHIJKLMNOPQRSTUVWXYZ,1,vince.kaminski@enron.com
/ logo © 2024 Stack Exchange Inc; user contributions licensed,1,vince.kaminski@enron.com
/ logo © 2024 Stack Exchange Inc; user contributions licensed,1,vince.kaminski@enron.com
layer. It will help water from within the house and,1,vince.kaminski@enron.com
layer. It will help water from within the house and,1,vince.kaminski@enron.com
have full text) Use quotation marks to search as a,1,vince.kaminski@enron.com
have full text) Use quotation marks to search as a,1,vince.kaminski@enron.com
"script. However, if you're working in Script-Fu's Console window, you'll",1,vince.kaminski@enron.com
"wrapping that Elizabeth prides her work on, but also displays",1,vince.kaminski@enron.com
"wrapping that Elizabeth prides her work on, but also displays",1,vince.kaminski@enron.com
“SDXL” Filter Showing the single result Default sorting Sort by,1,vince.kaminski@enron.com
“SDXL” Filter Showing the single result Default sorting Sort by,1,vince.kaminski@enron.com
have JavaScript enabled to use this form. › Log in,1,vince.kaminski@enron.com
have JavaScript enabled to use this form. › Log in,1,vince.kaminski@enron.com
"insurance (PMI), which you can stop paying once you reach",1,vince.kaminski@enron.com
"insurance (PMI), which you can stop paying once you reach",1,vince.kaminski@enron.com
Remember Me Lost your password? ← Go to Expressdigest.net Privacy,1,vince.kaminski@enron.com
Remember Me Lost your password? ← Go to Expressdigest.net Privacy,1,vince.kaminski@enron.com
Wat Sray Sahn-tah-rah-boh is a big name the small temple,1,vince.kaminski@enron.com
Wat Sray Sahn-tah-rah-boh is a big name the small temple,1,vince.kaminski@enron.com
dans notre politique de confidentialité. Vous pouvez révoquer ou modifier,1,james.davis@enron.com
dans notre politique de confidentialité. Vous pouvez révoquer ou modifier,1,james.davis@enron.com
dans notre politique de confidentialité. Vous pouvez révoquer ou modifier,1,james.davis@enron.com
dans notre politique de confidentialité. Vous pouvez révoquer ou modifier,1,james.davis@enron.com
dans notre politique de confidentialité. Vous pouvez révoquer ou modifier,1,james.davis@enron.com
dans notre politique de confidentialité. Vous pouvez révoquer ou modifier,1,james.davis@enron.com
make money in a freemarket. And if that means that,1,vince.kaminski@enron.com
make money in a freemarket. And if that means that,1,vince.kaminski@enron.com
"Hoang February 06, 2010 10:32AM Re: FastCGI PHP - unable",1,vince.kaminski@enron.com
"↳ Development ↳ Bugs, bug fixes & releases ↳ Suggestions",1,vince.kaminski@enron.com
Your email address will not be published. Required fields are,1,vince.kaminski@enron.com
Your email address will not be published. Required fields are,1,vince.kaminski@enron.com
(as of 09/04/2023 04:54 PST- Details) & FREE Shipping. Product,1,james.davis@enron.com
(as of 09/04/2023 04:54 PST- Details) & FREE Shipping. Product,1,james.davis@enron.com
Refund Policy Return Policy About Us Wishlist My Account Affiliate,1,vince.kaminski@enron.com
Add Submenu button next to the item you want to,1,vince.kaminski@enron.com
Add Submenu button next to the item you want to,1,vince.kaminski@enron.com
Create an account Great to see you here! Email address,1,vince.kaminski@enron.com
"We'll assume you're ok with this, but you can opt-out",1,vince.kaminski@enron.com
"We'll assume you're ok with this, but you can opt-out",1,vince.kaminski@enron.com
unit without the Slope function until your game improves. You,1,vince.kaminski@enron.com
unit without the Slope function until your game improves. You,1,vince.kaminski@enron.com
Card 2019 22 March... by govtjob Admit Card #Bihar PSC,1,james.davis@enron.com
Address Phone Message I would like more information for 14,1,vince.kaminski@enron.com
Address Phone Message I would like more information for 14,1,vince.kaminski@enron.com
View Listing Facebook Instagram Twitter Youtube 770-545-8746 Guide to Gwinnett,1,vince.kaminski@enron.com
View Listing Facebook Instagram Twitter Youtube 770-545-8746 Guide to Gwinnett,1,vince.kaminski@enron.com
attempt to provide the information you are seeking and will,1,vince.kaminski@enron.com
attempt to provide the information you are seeking and will,1,vince.kaminski@enron.com
have no control of your ship's movement. Your job is,1,vince.kaminski@enron.com
have no control of your ship's movement. Your job is,1,vince.kaminski@enron.com
"and around your property include fascia boards, gutters, wooden doors,",1,vince.kaminski@enron.com
"and around your property include fascia boards, gutters, wooden doors,",1,vince.kaminski@enron.com
"Renren, Skype, Telephone/call button, Houzz, Etsy, Discord, Patreon, Viber, TikTok,",1,vince.kaminski@enron.com
"Renren, Skype, Telephone/call button, Houzz, Etsy, Discord, Patreon, Viber, TikTok,",1,vince.kaminski@enron.com
"Renren, Skype, Telephone/call button, Houzz, Etsy, Discord, Patreon, Viber, TikTok,",1,vince.kaminski@enron.com
"Renren, Skype, Telephone/call button, Houzz, Etsy, Discord, Patreon, Viber, TikTok,",1,vince.kaminski@enron.com
up your day with your favorite coffee drink and I,1,vince.kaminski@enron.com
up your day with your favorite coffee drink and I,1,vince.kaminski@enron.com
make improvements. Accept analytics cookies Reject analytics cookies View cookies,1,vince.kaminski@enron.com
page is sending you to http://webaruhaz-keresooptimalizalas.abcdrives.eu/microblog-bejegyzes/3d-habbetu-keszites/budapest/csepel-erdosor/JTAyRiU5NiUxOCUyQSVFRUglQUUlRjUlRkFiJUVDJTVFJUUxJUQwJTky/JUU1JTg4JTJDJUE2MGwlRjglRjYlOEQlQTAlRDglQjNIaSVDQyVBOA%3D%3D/JUNGJUUzJTgxJTgxJTIxJTk1ciVFNmQlOUVoJTI2JTIzJTdDJUE1JURB/. If you do not,1,vince.kaminski@enron.com
page is sending you to http://webaruhaz-keresooptimalizalas.abcdrives.eu/microblog-bejegyzes/3d-habbetu-keszites/budapest/csepel-erdosor/JTAyRiU5NiUxOCUyQSVFRUglQUUlRjUlRkFiJUVDJTVFJUUxJUQwJTky/JUU1JTg4JTJDJUE2MGwlRjglRjYlOEQlQTAlRDglQjNIaSVDQyVBOA%3D%3D/JUNGJUUzJTgxJTgxJTIxJTk1ciVFNmQlOUVoJTI2JTIzJTdDJUE1JURB/. If you do not,1,vince.kaminski@enron.com
page is sending you to http://webaruhaz-keresooptimalizalas.keresooptimalizalas-specialista.hu/szolgaltatas/keresooptimalizalas-auto-behozatal-kulfoldrol/QyVEQyVCM3QlMTRHJUJCJUM2JUJEJUJEJTg1Q1ElRDIlQzBG/. If you do not,1,vince.kaminski@enron.com
page is sending you to http://webaruhaz-keresooptimalizalas.keresooptimalizalas-specialista.hu/szolgaltatas/keresooptimalizalas-auto-behozatal-kulfoldrol/QyVEQyVCM3QlMTRHJUJCJUM2JUJEJUJEJTg1Q1ElRDIlQzBG/. If you do not,1,vince.kaminski@enron.com
page is sending you to http://weboldal-keszites.abcdrives.eu/microblog-bejegyzes/2-din-fejegyseg-autoradio-multimedia/budapest/iii-kerulet-obuda-bekasmegyer/JTI1WTglRUZCX1pEJUI0RyUwMnQlQzklQUMlQzElQjE%3D/JUU1JTg4JTJDJUE2MGwlRjglRjYlOEQlQTAlRDglQjNIaSVDQyVBOA%3D%3D/MCUyMyVFQ3ZnJUEwJTNEJUY5JTlDbSVENVYlREQlMUQlODQlQUQ%3D/. If you do not,1,vince.kaminski@enron.com
Leitersdorf. He discusses trends in network operations… Read More Posted,1,vince.kaminski@enron.com
Leitersdorf. He discusses trends in network operations… Read More Posted,1,vince.kaminski@enron.com
repeatedly enjoy sexual activity with your spouse. Cenforce 100 is,1,vince.kaminski@enron.com
repeatedly enjoy sexual activity with your spouse. Cenforce 100 is,1,vince.kaminski@enron.com
refresh. Press the space key then arrow keys to make,1,vince.kaminski@enron.com
refresh. Press the space key then arrow keys to make,1,vince.kaminski@enron.com
"thoroughly, and wipe it clean and dry with soft clothes,",1,vince.kaminski@enron.com
"thoroughly, and wipe it clean and dry with soft clothes,",1,vince.kaminski@enron.com
"Acoustics: Vol. 47 No. 4 (2019) Jérémie Voix, Tim Kelsall",1,vince.kaminski@enron.com
den Warenkorb Add to wishlist Compare Quick view 5% OFF,1,vince.kaminski@enron.com
den Warenkorb Add to wishlist Compare Quick view 5% OFF,1,vince.kaminski@enron.com
Download the FlightAware app today. Community Photos Popular Photos Newest,1,vince.kaminski@enron.com
"dinner. But between you and me, I find few thing...",1,vince.kaminski@enron.com
"dinner. But between you and me, I find few thing...",1,vince.kaminski@enron.com
card (there is a 2.99% fee) IN PERSON ONLY.Less… Property,1,vince.kaminski@enron.com
card (there is a 2.99% fee) IN PERSON ONLY.Less… Property,1,vince.kaminski@enron.com
Jewelry Necklaces Earrings Bracelets Scarves Hats Hair Accessories Masks Gifts,1,vince.kaminski@enron.com
Jewelry Necklaces Earrings Bracelets Scarves Hats Hair Accessories Masks Gifts,1,vince.kaminski@enron.com
do with the app. Reply Leave a Reply Cancel reply,1,vince.kaminski@enron.com
do with the app. Reply Leave a Reply Cancel reply,1,vince.kaminski@enron.com
"cookies. However, you may visit ""Cookie Settings"" to provide a",1,vince.kaminski@enron.com
"cookies. However, you may visit ""Cookie Settings"" to provide a",1,vince.kaminski@enron.com
"guess, but then you run into notability or verifiability issues.",1,vince.kaminski@enron.com
Credit Application Damage Locator Return Policy Warranty Contact Careers Home,1,vince.kaminski@enron.com
Credit Application Damage Locator Return Policy Warranty Contact Careers Home,1,vince.kaminski@enron.com
discomfort following your surgery. You may also need to take,1,vince.kaminski@enron.com
discomfort following your surgery. You may also need to take,1,vince.kaminski@enron.com
0 Co-authors No content to display. No content to display.,1,vince.kaminski@enron.com
0 Co-authors No content to display. No content to display.,1,vince.kaminski@enron.com
0 Co-authors No content to display. No content to display.,1,vince.kaminski@enron.com
0 Co-authors No content to display. No content to display.,1,vince.kaminski@enron.com
Home Contact HomeMain Posts in category: Main Todas las Vegas,1,vince.kaminski@enron.com
Home Contact HomeMain Posts in category: Main Todas las Vegas,1,vince.kaminski@enron.com
and learn more about each of the public IPv4 addresses,1,vince.kaminski@enron.com
and learn more about each of the public IPv4 addresses,1,vince.kaminski@enron.com
shopping cart or during the payment process. Dispatch Period 24,1,vince.kaminski@enron.com
shopping cart or during the payment process. Dispatch Period 24,1,vince.kaminski@enron.com
is not enabled for this catalog. Kindly visit the Desktop,1,james.davis@enron.com
is not enabled for this catalog. Kindly visit the Desktop,1,james.davis@enron.com
Dram Phile2 Dram Phile Clear Bufo Rana quantity Add to,1,vince.kaminski@enron.com
Dram Phile2 Dram Phile Clear Bufo Rana quantity Add to,1,vince.kaminski@enron.com
sending you to http://2din.keresooptimalizalas-komplex-web.hu/szolgaltatas/2din-gps/eiU5Q1IlQURjJUIyJTg1JTBBJUVCJTkwJUMyJUM2JUJEdE0lMDE%3D/. If you do not want to,1,vince.kaminski@enron.com
sending you to http://2din.keresooptimalizalas-komplex-web.hu/szolgaltatas/2din-gps/eiU5Q1IlQURjJUIyJTg1JTBBJUVCJTkwJUMyJUM2JUJEdE0lMDE%3D/. If you do not want to,1,vince.kaminski@enron.com
page is sending you to http://webaruhaz-keresooptimalizalas.azonnali-tetofedes.hu/szolgaltatas/keresooptimalizalas-medence-takaritas-tisztitas-temaban/QyVEN0wlMDclOTclMjQlQjklMjJrJUMyJUJDJTkwJUJFJUMwNiUyMw%3D%3D/. If you do not,1,vince.kaminski@enron.com
page is sending you to http://webaruhaz-keresooptimalizalas.azonnali-tetofedes.hu/szolgaltatas/keresooptimalizalas-medence-takaritas-tisztitas-temaban/QyVEN0wlMDclOTclMjQlQjklMjJrJUMyJUJDJTkwJUJFJUMwNiUyMw%3D%3D/. If you do not,1,vince.kaminski@enron.com
page is sending you to http://webaruhaz-keresooptimalizalas.abcdrives.eu/microblog-bejegyzes/pancelszekreny-mozgatas/miskolc/avas/JUUxJUM4NCUyNSVFMCVCQSVBNCVBMiUxQyUyOCU5MlIlODklQkIlOUElMTY%3D/JUNDJTVFJUIyJTAyJUREJUFFJUVFJUJGJTlGJUQ5JTA3JUIwYjYlRjIlOEI%3D/JUQ4JTBGJUQwTyVDNF9IR3IlRjAlM0FzJUE2JTE3JUEyJTI0/. If you do not,1,vince.kaminski@enron.com
page is sending you to http://webaruhaz-keresooptimalizalas.abcdrives.eu/microblog-bejegyzes/pancelszekreny-mozgatas/miskolc/avas/JUUxJUM4NCUyNSVFMCVCQSVBNCVBMiUxQyUyOCU5MlIlODklQkIlOUElMTY%3D/JUNDJTVFJUIyJTAyJUREJUFFJUVFJUJGJTlGJUQ5JTA3JUIwYjYlRjIlOEI%3D/JUQ4JTBGJUQwTyVDNF9IR3IlRjAlM0FzJUE2JTE3JUEyJTI0/. If you do not,1,vince.kaminski@enron.com
page is sending you to http://th.onsmarthomesystem.com/product/1005004242382793/30pcs-2-35mm-shank-diamond-grinding-burr-needle-point-engraving-carving-polishing-glass-jade-stone-drill-bit-rotary-tool-set. If you do not,1,vince.kaminski@enron.com
"EU. If your order qualifies, VAT is applied to the",1,vince.kaminski@enron.com
"EU. If your order qualifies, VAT is applied to the",1,vince.kaminski@enron.com
on servers located outside New Zealand. It is not practicable,1,vince.kaminski@enron.com
on servers located outside New Zealand. It is not practicable,1,vince.kaminski@enron.com
js-form-submit form-submit btn btn-primary\u0022 title=\u0022Finalise Request\u0022 data-drupal-selector=\u0022edit-complete-form-btn\u0022 type=\u0022submit\u0022 id=\u0022edit-complete-form-btn\u0022 name=\u0022op\u0022,1,vince.kaminski@enron.com
answered any questions that I had quickly. He worked hard,1,vince.kaminski@enron.com
answered any questions that I had quickly. He worked hard,1,vince.kaminski@enron.com
Niki Jones Madam Stoltz Koibito Opinel Mifuko Spacemasks Dyreskinn True,1,vince.kaminski@enron.com
Niki Jones Madam Stoltz Koibito Opinel Mifuko Spacemasks Dyreskinn True,1,vince.kaminski@enron.com
1 Registration No. 1037224 Location Code 03 茶（日本文学） Shelf Code,1,vince.kaminski@enron.com
1 Registration No. 1037224 Location Code 03 茶（日本文学） Shelf Code,1,vince.kaminski@enron.com
Remember Me Lost your password? ← Go to mydailypapers.com Privacy,1,vince.kaminski@enron.com
Remember Me Lost your password? ← Go to mydailypapers.com Privacy,1,vince.kaminski@enron.com
In Touch Don't hesitate to contact us Call Us +012-345-6789,1,vince.kaminski@enron.com
"GDPR then you can only be acting on their authority,",1,vince.kaminski@enron.com
"GDPR then you can only be acting on their authority,",1,vince.kaminski@enron.com
"Okey Oyna Üye olarak sohbetli okey oyna mak,cepten okey oyna",1,vince.kaminski@enron.com
"Okey Oyna Üye olarak sohbetli okey oyna mak,cepten okey oyna",1,vince.kaminski@enron.com
for the visitors. Analytics Analytics Analytical cookies are used to,1,vince.kaminski@enron.com
Lost password? Remember me LOGIN Close Signup Signup Close Search,1,vince.kaminski@enron.com
Lost password? Remember me LOGIN Close Signup Signup Close Search,1,vince.kaminski@enron.com
Höhn 3D Scan 2m x 1m Mindmap A4- Papierobjekt -,1,vince.kaminski@enron.com
Höhn 3D Scan 2m x 1m Mindmap A4- Papierobjekt -,1,vince.kaminski@enron.com
Pro Disk Image (ISO) with Free Activation Download Pinnacle Studio,1,vince.kaminski@enron.com
Place in the freezer to quicken the curing time. Cover,1,vince.kaminski@enron.com
Place in the freezer to quicken the curing time. Cover,1,vince.kaminski@enron.com
Pathology / Cardiovascular / Histology Visits 2208 0 comments Powered,1,vince.kaminski@enron.com
Pathology / Cardiovascular / Histology Visits 2208 0 comments Powered,1,vince.kaminski@enron.com
stocked parts ship the same day you order (M-F). Expedited,1,vince.kaminski@enron.com
stocked parts ship the same day you order (M-F). Expedited,1,vince.kaminski@enron.com
guarantee for the accuracy and/or the quality of the content.,1,james.davis@enron.com
"get_library there are checks like ""$extension != 'gif'"" for both",1,vince.kaminski@enron.com
"get_library there are checks like ""$extension != 'gif'"" for both",1,vince.kaminski@enron.com
Portál Dodavatele You need to enable JavaScript to run this,1,vince.kaminski@enron.com
Portál Dodavatele You need to enable JavaScript to run this,1,vince.kaminski@enron.com
0-4 See size chart for details. Measurements are approximate. REVIEWS,1,vince.kaminski@enron.com
0-4 See size chart for details. Measurements are approximate. REVIEWS,1,vince.kaminski@enron.com
Instagram Facebook Instagram Facebook Search Site navigation Log in Search,1,vince.kaminski@enron.com
Instagram Facebook Instagram Facebook Search Site navigation Log in Search,1,vince.kaminski@enron.com
"living in Scotland who has been around Europe, North America,",1,vince.kaminski@enron.com
"living in Scotland who has been around Europe, North America,",1,vince.kaminski@enron.com
Cancel reply Your email address will not be published. Required,1,vince.kaminski@enron.com
Cancel reply Your email address will not be published. Required,1,vince.kaminski@enron.com
new collection Add to an existing collection Name your collection:,1,vince.kaminski@enron.com
new collection Add to an existing collection Name your collection:,1,vince.kaminski@enron.com
it's not a crazy evo build. But we about to,1,vince.kaminski@enron.com
it's not a crazy evo build. But we about to,1,vince.kaminski@enron.com
Boundaries both contain and preserve the integrity of what they,1,vince.kaminski@enron.com
Boundaries both contain and preserve the integrity of what they,1,vince.kaminski@enron.com
Choose Your Password Confirm Password Verify Human Five times two,1,vince.kaminski@enron.com
Choose Your Password Confirm Password Verify Human Five times two,1,vince.kaminski@enron.com
"additional tax. Especially EU countries. Although your country requires taxation,",1,vince.kaminski@enron.com
"additional tax. Especially EU countries. Although your country requires taxation,",1,vince.kaminski@enron.com
"domain to open cPanel: Once in cPanel, go to the",1,vince.kaminski@enron.com
"domain to open cPanel: Once in cPanel, go to the",1,vince.kaminski@enron.com
professional and even personally delivered my new component and returned,1,vince.kaminski@enron.com
professional and even personally delivered my new component and returned,1,vince.kaminski@enron.com
| Whistleblowing Platform You need to enable JavaScript to run,1,vince.kaminski@enron.com
| Whistleblowing Platform You need to enable JavaScript to run,1,vince.kaminski@enron.com
& Software Marketplace You need to enable JavaScript to run,1,vince.kaminski@enron.com
& Software Marketplace You need to enable JavaScript to run,1,vince.kaminski@enron.com
your browser only with your consent. You also have the,1,vince.kaminski@enron.com
your browser only with your consent. You also have the,1,vince.kaminski@enron.com
But you want to keep in the forefront of your,1,vince.kaminski@enron.com
But you want to keep in the forefront of your,1,vince.kaminski@enron.com
full page refresh. Press the space key then arrow keys,1,vince.kaminski@enron.com
full page refresh. Press the space key then arrow keys,1,vince.kaminski@enron.com
"LETTERS. This item is in the category ""Collectibles\Kitchen & Home\Kitchen",1,vince.kaminski@enron.com
"LETTERS. This item is in the category ""Collectibles\Kitchen & Home\Kitchen",1,vince.kaminski@enron.com
"page for adults. If you want more information, click on",1,sara.shackleton@enron.com
Strong Typing Editor Autocompletion Type-Checked Actions Safe Model Composition Conclusion,1,vince.kaminski@enron.com
Strong Typing Editor Autocompletion Type-Checked Actions Safe Model Composition Conclusion,1,vince.kaminski@enron.com
for the weekly blog round up This self-publishing advice center,1,vince.kaminski@enron.com
"Delivery or Curbside Pickup in LA, LBC, and Costa Mesa!",1,vince.kaminski@enron.com
"Delivery or Curbside Pickup in LA, LBC, and Costa Mesa!",1,vince.kaminski@enron.com
48.00 USD white / black - $ 48.00 USD white,1,vince.kaminski@enron.com
48.00 USD white / black - $ 48.00 USD white,1,vince.kaminski@enron.com
testlist Winnipeg Motorcycle Parts Department Winnipeg Motorcycle Service Department Main,1,vince.kaminski@enron.com
testlist Winnipeg Motorcycle Parts Department Winnipeg Motorcycle Service Department Main,1,vince.kaminski@enron.com
Any cookies that may not be particularly necessary for the,1,james.davis@enron.com
Any cookies that may not be particularly necessary for the,1,james.davis@enron.com
"take e-transfers? Yes, you can send the total to sloastart@gmail.com",1,vince.kaminski@enron.com
"take e-transfers? Yes, you can send the total to sloastart@gmail.com",1,vince.kaminski@enron.com
judi bola slot slot gacor hari ini slot terbaru slot,1,james.davis@enron.com
We can guide you. As you head into (or have,1,vince.kaminski@enron.com
We can guide you. As you head into (or have,1,vince.kaminski@enron.com
"CORPORATE INFO SoniCleaners.net - Asteria, Inc 48 Marge Lane, Calverton",1,james.davis@enron.com
Us Partnership Opportunities Select Page Hello world! by southernsurffestival |,1,sara.shackleton@enron.com
Make sure that the measuring tape is parallel to the,1,vince.kaminski@enron.com
Make sure that the measuring tape is parallel to the,1,vince.kaminski@enron.com
it due to reasons such as the mail server capacity,1,vince.kaminski@enron.com
it due to reasons such as the mail server capacity,1,vince.kaminski@enron.com
share your device. This person will receive email notification. 4.,1,vince.kaminski@enron.com
share your device. This person will receive email notification. 4.,1,vince.kaminski@enron.com
share your device. This person will receive email notification. 4.,1,vince.kaminski@enron.com
"certificate is an identity verification product so the ""publisher"" needs",1,vince.kaminski@enron.com
"certificate is an identity verification product so the ""publisher"" needs",1,vince.kaminski@enron.com
app toward the end of your Look. Extra photos may,1,vince.kaminski@enron.com
app toward the end of your Look. Extra photos may,1,vince.kaminski@enron.com
"Chrome , Edge , Opera , or Safari . IE",1,vince.kaminski@enron.com
"Chrome , Edge , Opera , or Safari . IE",1,vince.kaminski@enron.com
Cookie Consent plugin. The cookies is used to store the,1,vince.kaminski@enron.com
Cookie Consent plugin. The cookies is used to store the,1,vince.kaminski@enron.com
Captcha! Please confirm that you and not a robot are,1,james.davis@enron.com
"Request new password(active tab) (If you're a human, don't change",1,vince.kaminski@enron.com
"Request new password(active tab) (If you're a human, don't change",1,vince.kaminski@enron.com
Forgot your password? Reset your password We will send you,1,vince.kaminski@enron.com
Forgot your password? Reset your password We will send you,1,vince.kaminski@enron.com
Your email address will not be published. Required fields are,1,vince.kaminski@enron.com
Your email address will not be published. Required fields are,1,vince.kaminski@enron.com
"else if (id == ""UK"") { state = ""Region""; }",1,vince.kaminski@enron.com
"else if (id == ""UK"") { state = ""Region""; }",1,vince.kaminski@enron.com
Contact Us Policies Disclaimer Cookies Use About US The News,1,james.davis@enron.com
Contact Us Policies Disclaimer Cookies Use About US The News,1,james.davis@enron.com
Hoodie (with Swastika) Betsy Ross flag Black Sun Pendant Co-exist,1,vince.kaminski@enron.com
Hoodie (with Swastika) Betsy Ross flag Black Sun Pendant Co-exist,1,vince.kaminski@enron.com
KKK 3-G shirt MIOAK 3-G shirt White Pride World Wide,1,vince.kaminski@enron.com
Edition 4 Edition 3 Edition 2 Edition 1 xesfbx Sun-woo,1,vince.kaminski@enron.com
and new arrivals! Register enter your email address Search About,1,vince.kaminski@enron.com
and new arrivals! Register enter your email address Search About,1,vince.kaminski@enron.com
you agree to our terms and conditions & our privacy,1,vince.kaminski@enron.com
you agree to our terms and conditions & our privacy,1,vince.kaminski@enron.com
users’ money or financial stability. The information provided on our,1,karen.lambert@enron.com
users’ money or financial stability. The information provided on our,1,karen.lambert@enron.com
"best experiences, we use technologies like cookies to store and/or",1,james.davis@enron.com
"best experiences, we use technologies like cookies to store and/or",1,james.davis@enron.com
license and agreement and click Download Button. Install Android Studio,1,vince.kaminski@enron.com
license and agreement and click Download Button. Install Android Studio,1,vince.kaminski@enron.com
"of both individual and communal experiences. The songs, which are",1,vince.kaminski@enron.com
"of both individual and communal experiences. The songs, which are",1,vince.kaminski@enron.com
Learning My ISD 728 RapidIdentity Portal Back to School Technology,1,vince.kaminski@enron.com
Learning My ISD 728 RapidIdentity Portal Back to School Technology,1,vince.kaminski@enron.com
ENTIRE IGNITION PROCESS WITHOUT THE NEED FOR AN EXTERNAL IGNITION,1,vince.kaminski@enron.com
"Use ""IFU"" for printing aligners with DLP & LCD printers",1,vince.kaminski@enron.com
"Use ""IFU"" for printing aligners with DLP & LCD printers",1,vince.kaminski@enron.com
improve your user experience and to make our website better,1,vince.kaminski@enron.com
improve your user experience and to make our website better,1,vince.kaminski@enron.com
"Nets, Handles & Heads Koi Transport Bags Pond Cleaning Products",1,vince.kaminski@enron.com
PROCEEDINGS 16th SGBED Conference Proceedings ​ 15th SGBED Conference Proceedings,1,vince.kaminski@enron.com
designated warranty period for the specific manufacturer. Full details can,1,vince.kaminski@enron.com
designated warranty period for the specific manufacturer. Full details can,1,vince.kaminski@enron.com
"THE ITEM YOU WANT IS NOT IN STOCK, PLEASE ALLOW",1,vince.kaminski@enron.com
"THE ITEM YOU WANT IS NOT IN STOCK, PLEASE ALLOW",1,vince.kaminski@enron.com
plugin and is used to store whether or not user,1,vince.kaminski@enron.com
plugin and is used to store whether or not user,1,vince.kaminski@enron.com
Containers Manufacturing. Where is Sidney Cavalcante based? Sidney Cavalcante's is,1,james.davis@enron.com
"over the top videos, catchy choruses. Those old enough remember",1,vince.kaminski@enron.com
"over the top videos, catchy choruses. Those old enough remember",1,vince.kaminski@enron.com
had the opportunity to participate in my first annual company,1,vince.kaminski@enron.com
had the opportunity to participate in my first annual company,1,vince.kaminski@enron.com
Subtotal I Agree with the Terms & Conditions [View Terms],1,vince.kaminski@enron.com
Subtotal I Agree with the Terms & Conditions [View Terms],1,vince.kaminski@enron.com
Add to Wish List failed. Please try again later Remove,1,vince.kaminski@enron.com
Add to Wish List failed. Please try again later Remove,1,vince.kaminski@enron.com
which must not be found. Put a list of words,1,vince.kaminski@enron.com
which must not be found. Put a list of words,1,vince.kaminski@enron.com
"08-14-2003, 11:38 PM My posts...look like this:(. Neutrino 08-14-2003, 11:43",1,vince.kaminski@enron.com
"in this thread? __________________ 95 s10 Blazer, EGR Mod, ZQ8",1,vince.kaminski@enron.com
collection in the for comprehension will match the type of,1,vince.kaminski@enron.com
collection in the for comprehension will match the type of,1,vince.kaminski@enron.com
& ask our friendly receptionists who they'd recommend. Available Psychics,1,vince.kaminski@enron.com
& ask our friendly receptionists who they'd recommend. Available Psychics,1,vince.kaminski@enron.com
summer from Friday 8th July. Many thanks Change to term,1,jeff.dasovich@enron.com
"It Off Dr Jamie Hector - February 3, 2024 0",1,vince.kaminski@enron.com
"It Off Dr Jamie Hector - February 3, 2024 0",1,vince.kaminski@enron.com
Frame or other Snap-In Support 79 Select desired product above,1,vince.kaminski@enron.com
CPS and estimating standard errors is available at www.bls.gov/cps/documentation.htm#reliability. Table,1,vince.kaminski@enron.com
CPS and estimating standard errors is available at www.bls.gov/cps/documentation.htm#reliability. Table,1,vince.kaminski@enron.com
Stephanie Witter Maxen by Stephanie Witter Scarlett Ward Step F*@k,1,james.davis@enron.com
take your photos to the next level. The easiest composition,1,vince.kaminski@enron.com
take your photos to the next level. The easiest composition,1,vince.kaminski@enron.com
"vzuttya tdk v Pakystani, vyhotovlennya poyasiv dlya vazhkoyi atletyky rs",1,vince.kaminski@enron.com
"vzuttya tdk v Pakystani, vyhotovlennya poyasiv dlya vazhkoyi atletyky rs",1,vince.kaminski@enron.com
in Welcome!Log into your account your username your password Forgot,1,vince.kaminski@enron.com
in Welcome!Log into your account your username your password Forgot,1,vince.kaminski@enron.com
"an incredible asset to my professional life, helping me build",1,vince.kaminski@enron.com
problems with your wireless device and service. This publication provides,1,vince.kaminski@enron.com
problems with your wireless device and service. This publication provides,1,vince.kaminski@enron.com
sıkça tercih edilir. Beyaz Soket Çorap: Genellikle spor giyinen kişiler,1,vince.kaminski@enron.com
sıkça tercih edilir. Beyaz Soket Çorap: Genellikle spor giyinen kişiler,1,vince.kaminski@enron.com
Menu Search Search My account Close menu My account Overview,1,james.davis@enron.com
Menu Search Search My account Close menu My account Overview,1,james.davis@enron.com
"values to verify your user identity, then click Submit. We",1,vince.kaminski@enron.com
"values to verify your user identity, then click Submit. We",1,vince.kaminski@enron.com
Lace Fabrics (102) Guipure/ Crochet Lace (22) Trimming Lace (7),1,vince.kaminski@enron.com
Lace Fabrics (102) Guipure/ Crochet Lace (22) Trimming Lace (7),1,vince.kaminski@enron.com
topic at any time should we see fit. As a,1,vince.kaminski@enron.com
topic at any time should we see fit. As a,1,vince.kaminski@enron.com
SC (minimum product order required). No job is too small,1,vince.kaminski@enron.com
SC (minimum product order required). No job is too small,1,vince.kaminski@enron.com
Add to wishlist Add to my collection Speake Marin Spirit,1,vince.kaminski@enron.com
Add to wishlist Add to my collection Speake Marin Spirit,1,vince.kaminski@enron.com
take up to 2-3 weeks. Shipping can take an additional,1,vince.kaminski@enron.com
take up to 2-3 weeks. Shipping can take an additional,1,vince.kaminski@enron.com
"find us within Pura Derma Therapies, a collection of Beauty",1,vince.kaminski@enron.com
"Details:Round, Texture Metal in gold metallic color.Metal Color: Default Title",1,vince.kaminski@enron.com
"Details:Round, Texture Metal in gold metallic color.Metal Color: Default Title",1,vince.kaminski@enron.com
testing. This helps reduce system vulnerabilities and ensures your data,1,vince.kaminski@enron.com
testing. This helps reduce system vulnerabilities and ensures your data,1,vince.kaminski@enron.com
2047507 Spedizioni Ritiro Gratuito in Farmacia Spedizioni Gratuite sopra i,1,james.davis@enron.com
2047507 Spedizioni Ritiro Gratuito in Farmacia Spedizioni Gratuite sopra i,1,james.davis@enron.com
ESCAPES More about this escape room You may recognize Edith,1,vince.kaminski@enron.com
ESCAPES More about this escape room You may recognize Edith,1,vince.kaminski@enron.com
Fridge Jar Placeholder Image of Farmers Fridge Jar Placeholder Image,1,jeff.dasovich@enron.com
Rehabilitation Support Services Surgical & Interventional Women’s & Childrens Science,1,vince.kaminski@enron.com
Rehabilitation Support Services Surgical & Interventional Women’s & Childrens Science,1,vince.kaminski@enron.com
"be available in the savoring liquid your home. For example,",1,vince.kaminski@enron.com
"be available in the savoring liquid your home. For example,",1,vince.kaminski@enron.com
content is most valued and how visitors move around the,1,vince.kaminski@enron.com
content is most valued and how visitors move around the,1,vince.kaminski@enron.com
confirming your subscription to the newsletter Thank you for your,1,vince.kaminski@enron.com
confirming your subscription to the newsletter Thank you for your,1,vince.kaminski@enron.com
"source, etc. Performance performance Performance cookies are used to understand",1,vince.kaminski@enron.com
"source, etc. Performance performance Performance cookies are used to understand",1,vince.kaminski@enron.com
"Destination Covered : Munnar, Thekkady, Alleppey Tour Activities : Hill",1,vince.kaminski@enron.com
"Destination Covered : Munnar, Thekkady, Alleppey Tour Activities : Hill",1,vince.kaminski@enron.com
must be an empty page. Enable JavaScript to see Google,1,vince.kaminski@enron.com
must be an empty page. Enable JavaScript to see Google,1,vince.kaminski@enron.com
Notice The previous page is sending you to https://girisgrandpashabet.com/. If,1,james.davis@enron.com
Notice The previous page is sending you to https://girisgrandpashabet.com/. If,1,james.davis@enron.com
previous page is sending you to http://skwp.pl. If you do,1,vince.kaminski@enron.com
previous page is sending you to http://skwp.pl. If you do,1,vince.kaminski@enron.com
page is sending you to http://webaruhaz-marketing.abcdrives.eu/microblog-bejegyzes/a-tetofedesi-szolgaltatas-a-biztonsagos-es-idojarasallo-tetok-megalkotasanak-muveszete/bocs/JUZEJTAxJTNBJUI4JTlEJTA2cXRqUCU3QiU5MGUlQkIlQjlq/JTE0JTk0JUE3OSUwRSVGNSU4NiVEMyUxMiVDOCUwMiVFNiUxNyUxQyUwMCVGRQ%3D%3D/. If you do not,1,vince.kaminski@enron.com
page is sending you to http://webaruhaz-marketing.abcdrives.eu/microblog-bejegyzes/a-tetofedesi-szolgaltatas-a-biztonsagos-es-idojarasallo-tetok-megalkotasanak-muveszete/bocs/JUZEJTAxJTNBJUI4JTlEJTA2cXRqUCU3QiU5MGUlQkIlQjlq/JTE0JTk0JUE3OSUwRSVGNSU4NiVEMyUxMiVDOCUwMiVFNiUxNyUxQyUwMCVGRQ%3D%3D/. If you do not,1,vince.kaminski@enron.com
must be an empty page. Enable JavaScript to see Google,1,vince.kaminski@enron.com
must be an empty page. Enable JavaScript to see Google,1,vince.kaminski@enron.com
The previous page is sending you to http://zarszerviz.havidijas-keresooptimalizalas.cloud/szolgaltatas/zarcsere/JTk5LTN0QSU5RWglOTklOEMlOTBCZS0lQzYlOEYlN0M%3D/. If you,1,vince.kaminski@enron.com
The previous page is sending you to http://zarszerviz.havidijas-keresooptimalizalas.cloud/szolgaltatas/zarcsere/JTk5LTN0QSU5RWglOTklOEMlOTBCZS0lQzYlOEYlN0M%3D/. If you,1,vince.kaminski@enron.com
page is sending you to http://depot.buzz/product/1005004352107115/zdadan-925-sterling-silver-heart-bracelet-chain-for-women-wedding-jewelry. If you do not,1,vince.kaminski@enron.com
and before the last line). Save and exit the VBA,1,vince.kaminski@enron.com
and before the last line). Save and exit the VBA,1,vince.kaminski@enron.com
"Pizzo, L’Egitto agli egiziani! Cristiani, musulmani e idea PCAC 08",1,james.davis@enron.com
"items. Log In To see this working, head to your",1,vince.kaminski@enron.com
"items. Log In To see this working, head to your",1,vince.kaminski@enron.com
Note: This feature may not be available in some browsers.,1,vince.kaminski@enron.com
Note: This feature may not be available in some browsers.,1,vince.kaminski@enron.com
"28, 2023, 8:00 AM - 5:00 PM @ 1203 Highland",1,sara.shackleton@enron.com
Create an Account Log in Please create an account or,1,vince.kaminski@enron.com
Create an Account Log in Please create an account or,1,vince.kaminski@enron.com
T5S 0A2 780 484-1818 Sales: 780 484-1818 Service: 587 410-5966,1,vince.kaminski@enron.com
T5S 0A2 780 484-1818 Sales: 780 484-1818 Service: 587 410-5966,1,vince.kaminski@enron.com
Start by recognizing your organization objectives and goals to aid,1,vince.kaminski@enron.com
Start by recognizing your organization objectives and goals to aid,1,vince.kaminski@enron.com
hello [at] jobzilla [dot] ng Monday - Friday (8am -,1,vince.kaminski@enron.com
hello [at] jobzilla [dot] ng Monday - Friday (8am -,1,vince.kaminski@enron.com
Wildlife | Serenity at Twin Lakes | Journey Of Light,1,sara.shackleton@enron.com
"to the .mil website. Share sensitive information only on official,",1,james.davis@enron.com
"to the .mil website. Share sensitive information only on official,",1,james.davis@enron.com
for delivery depending on your location. Orders requiring ring sizing,1,vince.kaminski@enron.com
for delivery depending on your location. Orders requiring ring sizing,1,vince.kaminski@enron.com
"proceed to the URL you have requested, click the link",1,vince.kaminski@enron.com
in high school and beyond. The applications will be available,1,vince.kaminski@enron.com
Kractivism Freedom of Expression You have the right to remain,1,vince.kaminski@enron.com
"If you are below 16 years of age, you are",1,vince.kaminski@enron.com
"If you are below 16 years of age, you are",1,vince.kaminski@enron.com
"assistance accessing our public files, please contact info@lpm.org or call",1,info@enron.com
"assistance accessing our public files, please contact info@lpm.org or call",1,info@enron.com
"assistance accessing our public files, please contact info@lpm.org or call",1,info@enron.com
your services. You can use this space to go into,1,vince.kaminski@enron.com
your services. You can use this space to go into,1,vince.kaminski@enron.com
"grow your affiliate networks Hi guys, Affiliate marketing has been",1,vince.kaminski@enron.com
"grow your affiliate networks Hi guys, Affiliate marketing has been",1,vince.kaminski@enron.com
Become a VIP Sign In Back To Menu Sides $3.99,1,james.davis@enron.com
Become a VIP Sign In Back To Menu Sides $3.99,1,james.davis@enron.com
Nicolaes Pietersz Berchem 9 Nicolaes van Ravesteyn 1 Nicolas de,1,vince.kaminski@enron.com
Nicolaes Pietersz Berchem 9 Nicolaes van Ravesteyn 1 Nicolas de,1,vince.kaminski@enron.com
Cancel reply Your email address will not be published. Required,1,vince.kaminski@enron.com
Cancel reply Your email address will not be published. Required,1,vince.kaminski@enron.com
pick-ups and potential overage fees. Conclusion There is no one-size-fits-all,1,vince.kaminski@enron.com
pick-ups and potential overage fees. Conclusion There is no one-size-fits-all,1,vince.kaminski@enron.com
"OK you confirm you agree to this, alternatively click read",1,vince.kaminski@enron.com
"OK you confirm you agree to this, alternatively click read",1,vince.kaminski@enron.com
Cancel reply You must be logged in to post a,1,vince.kaminski@enron.com
Cancel reply You must be logged in to post a,1,vince.kaminski@enron.com
Monterey Downtown Phone Email: montereydaysinn@gmail.comEmail to Days Inn Monterey Downtown,1,james.davis@enron.com
Monterey Downtown Phone Email: montereydaysinn@gmail.comEmail to Days Inn Monterey Downtown,1,james.davis@enron.com
In Track Order Track Order Help Help Cancel My Account,1,james.davis@enron.com
In Track Order Track Order Help Help Cancel My Account,1,james.davis@enron.com
take 2-4 days to ship out during this peak period.,1,vince.kaminski@enron.com
take 2-4 days to ship out during this peak period.,1,vince.kaminski@enron.com
confident that we can meet it.” Let’s do this. If,1,vince.kaminski@enron.com
confident that we can meet it.” Let’s do this. If,1,vince.kaminski@enron.com
Hood Repair and Service Washing Machine Repair and Service Wine,1,vince.kaminski@enron.com
Hood Repair and Service Washing Machine Repair and Service Wine,1,vince.kaminski@enron.com
services and/or digital content that you have paid for but,1,vince.kaminski@enron.com
services and/or digital content that you have paid for but,1,vince.kaminski@enron.com
Du Prince Next Events Oops We couldn't find any events,1,vince.kaminski@enron.com
Du Prince Next Events Oops We couldn't find any events,1,vince.kaminski@enron.com
"sponsor, the eligibility requirements, application procedure, and award amounts for",1,vince.kaminski@enron.com
"sponsor, the eligibility requirements, application procedure, and award amounts for",1,vince.kaminski@enron.com
up Note: You can opt-out at any time. See our,1,vince.kaminski@enron.com
up Note: You can opt-out at any time. See our,1,vince.kaminski@enron.com
"SITE_admin_PVA January 25, 2024 0 Comments Gmail PVA Accounts What",1,vince.kaminski@enron.com
"SITE_admin_PVA January 25, 2024 0 Comments Gmail PVA Accounts What",1,vince.kaminski@enron.com
Wishlist My Account 0 Toggle navigation PHIDECATHETA PHIDECATHETA New Arrivals,1,vince.kaminski@enron.com
Wishlist My Account 0 Toggle navigation PHIDECATHETA PHIDECATHETA New Arrivals,1,vince.kaminski@enron.com
* Enter your e-mail address or username. Password * Enter,1,vince.kaminski@enron.com
veggies or on chicken breasts for a quick and easy,1,vince.kaminski@enron.com
veggies or on chicken breasts for a quick and easy,1,vince.kaminski@enron.com
DISCOUNT AUTOMATICALLY APPLIED l FREE GROUND SHIPPING OVER $200 Home,1,vince.kaminski@enron.com
"W Northside Dr Clinton, MS 39056 (601) 910-5990 1.1 PK-12",1,james.davis@enron.com
Killiney - Medan Sunggal Qraved Open in the Qraved app,1,vince.kaminski@enron.com
Killiney - Medan Sunggal Qraved Open in the Qraved app,1,vince.kaminski@enron.com
"garden), (Action For Autism), (Fairer Globalization), (golempoem), (THE REVERSE COWGIRL),",1,vince.kaminski@enron.com
"garden), (Action For Autism), (Fairer Globalization), (golempoem), (THE REVERSE COWGIRL),",1,vince.kaminski@enron.com
plan ahead for the ones we love. It’s the perfect,1,vince.kaminski@enron.com
plan ahead for the ones we love. It’s the perfect,1,vince.kaminski@enron.com
Richard Cronin is a fake account. Using the sto... WILLIAM,1,vince.kaminski@enron.com
Richard Cronin is a fake account. Using the sto... WILLIAM,1,vince.kaminski@enron.com
"elegant, cultured, passionate, and very warm I do, Sensual massage,",1,vince.kaminski@enron.com
Türkiye Turkmenistan Turks & Caicos Islands Tuvalu U.S. Outlying Islands,1,vince.kaminski@enron.com
Türkiye Turkmenistan Turks & Caicos Islands Tuvalu U.S. Outlying Islands,1,vince.kaminski@enron.com
check out our other Salesforce Services https://rebrand.ly/581539 https://rebrand.ly/d96d5a 8 months,1,james.davis@enron.com
Included for Head Coach Position. Coach Certifications Reimbursed. Email [email,1,james.davis@enron.com
Included for Head Coach Position. Coach Certifications Reimbursed. Email [email,1,james.davis@enron.com
"w/ SiteRise's RFI and Change Order Tool | Nov 08,",1,vince.kaminski@enron.com
"w/ SiteRise's RFI and Change Order Tool | Nov 08,",1,vince.kaminski@enron.com
tests are essential for the beginning of your future career:,1,vince.kaminski@enron.com
tests are essential for the beginning of your future career:,1,vince.kaminski@enron.com
"LTD. ALL RIGHTS RESERVED. LEVEL 1, 275 ALFRED STREET ,",1,vince.kaminski@enron.com
"LTD. ALL RIGHTS RESERVED. LEVEL 1, 275 ALFRED STREET ,",1,vince.kaminski@enron.com
"Take-home pay illustrations often show the net amount, not only",1,vince.kaminski@enron.com
"Take-home pay illustrations often show the net amount, not only",1,vince.kaminski@enron.com
"connect with the 2.45pm ""Cockle Train"" on return back to",1,vince.kaminski@enron.com
"connect with the 2.45pm ""Cockle Train"" on return back to",1,vince.kaminski@enron.com
name Email Password Create my account Already have an account?,1,vince.kaminski@enron.com
name Email Password Create my account Already have an account?,1,vince.kaminski@enron.com
"HAVE to make that!! Reply alexandra's kitchen says September 12,",1,vince.kaminski@enron.com
"HAVE to make that!! Reply alexandra's kitchen says September 12,",1,vince.kaminski@enron.com
"HAVE to make that!! Reply alexandra's kitchen says September 12,",1,vince.kaminski@enron.com
Recover your password. A password will be e-mailed to you.,1,vince.kaminski@enron.com
for your patience while we retrieve your images. The Frank,1,vince.kaminski@enron.com
"install it. After installation complete, go to the folder where",1,vince.kaminski@enron.com
"install it. After installation complete, go to the folder where",1,vince.kaminski@enron.com
of things out of our control. You should always check,1,jeff.dasovich@enron.com
of things out of our control. You should always check,1,jeff.dasovich@enron.com
is that if you have that unconstrained approach of allowing,1,james.davis@enron.com
is that if you have that unconstrained approach of allowing,1,james.davis@enron.com
link you need to create a new link. Edit ProsEdit,1,vince.kaminski@enron.com
link you need to create a new link. Edit ProsEdit,1,vince.kaminski@enron.com
Your email address will not be published. Required fields are,1,vince.kaminski@enron.com
Your email address will not be published. Required fields are,1,vince.kaminski@enron.com
"and Delivery Instagram powered by BentoBox Main content starts here,",1,vince.kaminski@enron.com
"and Delivery Instagram powered by BentoBox Main content starts here,",1,vince.kaminski@enron.com
Your website is the online face of your business so,1,vince.kaminski@enron.com
Your website is the online face of your business so,1,vince.kaminski@enron.com
Sacajawea ReservationsDonationsMake a Payment 1 New or Returning User To,1,vince.kaminski@enron.com
() or https:// ensures that you are connecting to the,1,vince.kaminski@enron.com
() or https:// ensures that you are connecting to the,1,vince.kaminski@enron.com
and this isn’t a suitable account if you wish to,1,vince.kaminski@enron.com
and this isn’t a suitable account if you wish to,1,vince.kaminski@enron.com
categorized as necessary are stored on your browser as they,1,vince.kaminski@enron.com
categorized as necessary are stored on your browser as they,1,vince.kaminski@enron.com
0 Search Sign In Cart0 Home OTF Knives All OTF,1,james.davis@enron.com
0 Search Sign In Cart0 Home OTF Knives All OTF,1,james.davis@enron.com
in or Register In order to register for this opportunity,1,vince.kaminski@enron.com
in or Register In order to register for this opportunity,1,vince.kaminski@enron.com
← How to delete recommended videos on YouTube? 3 Best,1,vince.kaminski@enron.com
service on our websites. You are free to manage this,1,vince.kaminski@enron.com
service on our websites. You are free to manage this,1,vince.kaminski@enron.com
sorted by clicking the column name. Clicking on an indivdiual,1,vince.kaminski@enron.com
sorted by clicking the column name. Clicking on an indivdiual,1,vince.kaminski@enron.com
Bottle Size 100 ml 200 ml 250 ml 355 ml,1,vince.kaminski@enron.com
Bottle Size 100 ml 200 ml 250 ml 355 ml,1,vince.kaminski@enron.com
Speech Letter to Shareowners Financials Financials at a Glance Annual,1,vince.kaminski@enron.com
Speech Letter to Shareowners Financials Financials at a Glance Annual,1,vince.kaminski@enron.com
"name, email, and website in this browser for the next",1,vince.kaminski@enron.com
"name, email, and website in this browser for the next",1,vince.kaminski@enron.com
whole of the region. No QDS found Home > List,1,vince.kaminski@enron.com
SOCIAL Faq Privacy Policy Terms & Conditions Shipping & Returns,1,vkamins@enron.com
SOCIAL Faq Privacy Policy Terms & Conditions Shipping & Returns,1,kmann@enron.com
SOCIAL Faq Privacy Policy Terms & Conditions Shipping & Returns,1,vkamins@enron.com
SOCIAL Faq Privacy Policy Terms & Conditions Shipping & Returns,1,kmann@enron.com
reading on. Professionalism is one of the essential qualities you,1,vince.kaminski@enron.com
reading on. Professionalism is one of the essential qualities you,1,vince.kaminski@enron.com
